,var_score_q,mse_q,mae_q,mape_q,var_score_h,mse_h,mae_h,mape_h
0,0.8854700785753623,8695.800191084702,61.46217884008545,0.16135682363321308,0.863315353396771,10655.190588644655,69.78200643442909,0.18425433126527613
1,0.8712905217676575,10085.40701982029,66.24617541031617,0.1739596798904315,0.8377764420152176,13047.947327956841,77.2818317656501,0.2041289980661493
2,0.8430054833718761,12665.010809961983,74.95730187312611,0.19692707858532718,0.7924742344192667,17185.741373774505,89.3038513903076,0.23598045889596486
3,0.7969533666098432,16884.65921361701,88.71536309949153,0.23325947121129909,0.7272757815872968,23301.26668398356,105.36613449924667,0.2785369583713477
4,0.7378723721553209,22620.645582638546,105.15536370882033,0.27670409623502584,0.651727770193802,30793.976574810007,122.39145632742574,0.32366703489476484
5,0.6662990684880714,29806.328719380315,122.40901836360663,0.3223215412865141,0.566048057224511,39645.45354168894,140.41633854591637,0.3714666629761728
6,0.5841568922609265,38108.340824804916,139.52323492635017,0.3675836720349182,0.47182696872988783,49553.848123388176,158.60057859689977,0.4196931347124002
