,var_score_q,mse_q,mae_q,mape_q,var_score_h,mse_h,mae_h,mape_h
0,0.9462593243703243,831.66550290722,22.755638648549546,0.06170875736788351,0.9514744369118575,741.8239563016665,20.57212497902201,0.055869843031668684
1,0.9435280436729744,890.103220126982,23.434352683807813,0.06355184155259579,0.9496284559006782,784.2004806496693,21.025017293245607,0.057103009435408816
2,0.9353920381589523,1041.1379238677346,25.332304338464105,0.06870535692704975,0.9429884411050332,901.0985834400715,22.63726461184625,0.06148228782018832
3,0.9199739801039722,1320.4533826768,28.669975611178884,0.07776544346399834,0.9310029191094304,1118.6349452082916,25.50394038453241,0.06927096444940842
4,0.8954436060226714,1766.1701625880048,33.3152101807173,0.09037538352046684,0.911218797729602,1479.474106298167,29.69169428996103,0.08064935877720568
5,0.8596031352409342,2436.61642394642,39.200465503160984,0.10634993388155459,0.8811544156646934,2033.4193186935197,35.2206013289373,0.09567401259679821
6,0.8106970465609907,3389.652380763379,46.502793884365,0.1261699302166687,0.8383374454789757,2848.7388162642146,42.22007160839769,0.11468813494566901
